3/27/2012,"9, 19, 34, 44, 51 Mega Ball = 24"
3/23/2012,"6, 17, 19, 20, 21 Mega Ball = 20"
3/20/2012,"1, 4, 6, 11, 14 Mega Ball = 30"
3/16/2012,"28, 29, 43, 51, 53 Mega Ball = 7"
3/13/2012,"2, 8, 30, 36, 48 Mega Ball = 31"
3/9/2012,"9, 10, 27, 36, 42 Mega Ball = 11"
3/6/2012,"20, 24, 31, 33, 36 Mega Ball = 44"
3/2/2012,"16, 29, 48, 52, 54 Mega Ball = 5"
2/28/2012,"6, 15, 29, 39, 51 Mega Ball = 36"
2/24/2012,"1, 16, 18, 25, 27 Mega Ball = 3"
2/21/2012,"9, 30, 39, 42, 47 Mega Ball = 37"
2/17/2012,"16, 25, 28, 32, 40 Mega Ball = 3"
2/14/2012,"3, 5, 10, 26, 27 Mega Ball = 27"
2/10/2012,"3, 4, 18, 29, 50 Mega Ball = 20"
2/7/2012,"17, 23, 30, 37, 45 Mega Ball = 4"
2/3/2012,"7, 19, 21, 49, 53 Mega Ball = 35"
1/31/2012,"9, 17, 18, 28, 43 Mega Ball = 9"
1/27/2012,"3, 5, 30, 36, 48 Mega Ball = 23"
1/24/2012,"10, 22, 24, 36, 49 Mega Ball = 33"
1/20/2012,"1, 9, 28, 38, 47 Mega Ball = 8"
1/17/2012,"3, 15, 31, 36, 53 Mega Ball = 27"
1/13/2012,"10, 27, 28, 37, 51 Mega Ball = 19"
1/10/2012,"4, 10, 16, 38, 48 Mega Ball = 34"
1/6/2012,"9, 17, 28, 34, 48 Mega Ball = 46"
1/3/2012,"2, 3, 15, 22, 36 Mega Ball = 23"
